,,,pack size (where aplicable),Cost,Quant,Total for item,,Link,Notes,,,,,,,
,MOTION,,,,,,,,,,,,,,,
,,,,,,,,,,,,,,,,
,Reinforced Gt2 belt 2M,,,11.58,1,11.58,,https://www.aliexpress.com/item/1005010353468208.html,"printer requires exactly 2.1meters of belt, make sure to buy a little bit more",,,,,,,
,Toothed 20t idler,,4pack,16.14,0,0.00,,https://www.aliexpress.com/item/1005002630474461.html,,,,,,,,
,625 bearings,,1pk,0.1186,16,1.90,,https://jlcmc.com/product/b/C15/BR8364/deep-groove-ball-bearing-double-side-with-dust-cover,,,,,,,,
,5mm couplers,,1pk,1.56,4,6.24,,https://www.aliexpress.com/item/1005008857891214.html,5x5,cheaper than jlc,,,,,,
,5mm dia 11mm shaft,,,0.6632,4,2.66,,https://jlcmc.com/product/s/B08/BACA/linear-shaft-solid-straight-g6-tolerance?k=BACA-C2G1-D5-L11&productModelNumber=BACA-C2G1-D5-L%5B10~500%2F1%5D,,,,,,,,
,5mm dia 50mm shaft,,,0.75,4,3.00,,https://jlcmc.com/product/s/B08/BACA/linear-shaft-solid-straight-g6-tolerance?k=BACA-C2G1-D5-L50&productModelNumber=BACA-C2G1-D5-L%5B10~500%2F1%5D,,,,,,,,
,5mm dia 142mm shaft,,,1.1663,2,2.34,,https://jlcmc.com/product/s/B08/BACA/linear-shaft-solid-straight-g6-tolerance?k=BACA-C2G1-D5-L142&productModelNumber=BACA-C2G1-D5-L%5B10~500%2F1%5D,,,,,,,,
,,,,,,,,,,,,,,,,
,Z1 mgn9c 314mm,,,10.951,1,10.96,,https://jlcmc.com/product/s/B03/E-BMN/economical-linear-guide-mini-standard-type-7-9-12-15?k=E-BMN9H-1-L314-Z1-C-M-E7&productModelNumber=E-BMN9H-1-L%5B45~1400%2F1%5D-Z1-C-M-E%5B0~19%2F0.5%5D,,,,,,,,
,Z1 mgn9c 160mm,,,7.3636,2,14.73,,https://jlcmc.com/product/s/B03/E-BMN/economical-linear-guide-mini-standard-type-7-9-12-15?k=E-BMN9H-1-L160-Z1-C-M-E10&productModelNumber=E-BMN9H-1-L%5B45~1400%2F1%5D-Z1-C-M-E%5B0~19%2F0.5%5D,,,,,,,,
,Z1 mgn9c 224mm,,,8.8442,3,26.54,,https://jlcmc.com/product/s/B03/E-BMN/economical-linear-guide-mini-standard-type-7-9-12-15?k=E-BMN9H-1-L224-Z1-C-M-E12&productModelNumber=E-BMN9H-1-L%5B45~1400%2F1%5D-Z1-C-M-E%5B0~19%2F0.5%5D,,,,,,,,
,,,,,,,,,,,,,,,,
,LDO2504AH,,Inc shipping 4pk,107.87,1,107.87,,https://www.onetwo3d.co.uk/product/ldo-42sth48-2504ahs35r-stepper-motor/,"CAD uses 30mm shaft motors, these are 35mm shaft motors , spacers required",,,,,,,
,,,,,,,,,,,,,,,,
,FRAME,,,,,,,,,,,,,,,
,"2020 , 180mm",,,0.4712,2,0.95,,https://jlcmc.com/product/s/T01/TXCJ/extruded-aluminum-t-slot-20-series(eu)?k=TXCJ-H7-2020D-L180&productModelNumber=TXCJ-H7-2020D-L%5B50~6000%2F0.1%5D,,,,,,,,
,"2020 , 280mm",,,0.7272,2,1.46,,https://jlcmc.com/product/s/T01/TXCJ/extruded-aluminum-t-slot-20-series(eu)?k=TXCJ-H7-2020D-L280&productModelNumber=TXCJ-H7-2020D-L%5B50~6000%2F0.1%5D,,,,,,,,
,"2020 , 380mm",,,0.9814,2,1.97,,https://jlcmc.com/product/s/T01/TXCJ/extruded-aluminum-t-slot-20-series(eu)?k=TXCJ-H7-2020D-L380&productModelNumber=TXCJ-H7-2020D-L%5B50~6000%2F0.1%5D,,,,,,,,
,"2020 , 320mm",,,0.8285,4,3.32,,https://jlcmc.com/product/s/T01/TXCJ/extruded-aluminum-t-slot-20-series(eu)?k=TXCJ-H7-2020D-L320&productModelNumber=TXCJ-H7-2020D-L%5B50~6000%2F0.1%5D,,,,,,,,
,,,,,,,,,,,,,,,,
,FASTENERS,,,,,,,,,,,,,,,
,,,,,,,,,,,,,,,,
,"m5, 7.5mm od heatset",,10pk,2.39,1,2.39,,https://www.aliexpress.com/item/1005008897571758.html,,,,,,,,
,"m3, m3x5x4.2",,250pk,7.86,1,7.86,,https://www.aliexpress.com/item/1005006494200941.html?spm=a2g0o.order_list.order_list_main.10.79111802pMBhV0,"you could order the exact ammount you need, but if you need to reprint a part and need more heatsets, that could become bad",,,,,,,
,,,,,,,,,,,,,,,,
,M5x30 ,SHCS,,0.0255,12,0.31,,,,,,,,,,
,M5x20,SHCS,,0.0167,14,0.24,,,,,,,,,,
,M5x12,SHCS,,0.0159,60,0.96,,,,,,,,,,
,M5 t slot nut,,,0.0099,54,0.54,,https://jlcmc.com/product/s/T02/TPAA/m3-m4-m5-t-nut-20-series-aluminum-profile-fasteners?k=TPAA-N-6-M5&productModelNumber=TPAA-N-6-M5,,,,,,,,
,,,,,,,,,,,,,,,,
,,,,,,,,,,,,,,,,
,M4x20,SHCS,,0.156,14,2.19,,https://jlcmc.com/product/s/E02/EDLA/hex-socket-screw-full-partial-thread-standard-type-(din-912-gb-t-70.1)?k=EDLA-J2-M4-L20&productModelNumber=EDLA-J2-M4-L20,,,,,,,,
,M4x10,SHCS,,0.142,5,0.71,,https://jlcmc.com/product/s/E02/EDLA/hex-socket-screw-full-partial-thread-standard-type-(din-912-gb-t-70.1)?k=EDLA-J2-M4-L10&productModelNumber=EDLA-J2-M4-L10,,,,,,,,
,M4 t slot nut,,,0.0082,20,0.17,,https://jlcmc.com/product/s/T02/TPAA/m3-m4-m5-t-nut-20-series-aluminum-profile-fasteners?k=TPAA-N-6-M4&productModelNumber=TPAA-N-6-M4,,,,,,,,
,,,,,,,,,,,,,,,,
,M3x40,SHCS,,0.0269,11,0.30,,https://jlcmc.com/product/s/E02/EDLA/hex-socket-screw-full-partial-thread-standard-type-(din-912-gb-t-70.1)?k=EDLA-J2-M3-L6&productModelNumber=EDLA-J2-M3-L40,,,,,,,,
,M3x35,SHCS,,0.0273,5,0.14,,https://jlcmc.com/product/s/E02/EDLA/hex-socket-screw-full-partial-thread-standard-type-(din-912-gb-t-70.1)?k=EDLA-J2-M3-L35&productModelNumber=EDLA-J2-M3-L35,,,,,,,,
,M3x30,SHCS,,0.0222,8,0.18,,https://jlcmc.com/product/s/E02/EDLA/hex-socket-screw-full-partial-thread-standard-type-(din-912-gb-t-70.1)?k=EDLA-J2-M3-L30&productModelNumber=EDLA-J2-M3-L30,,,,,,,,
,M3x25,SHCS,,0.0178,7,0.13,,https://jlcmc.com/product/s/E02/EDLA/hex-socket-screw-full-partial-thread-standard-type-(din-912-gb-t-70.1)?k=EDLA-J2-M3-L25&productModelNumber=EDLA-J2-M3-L25,,,,,,,,
,M3x22,SHCS,,0.0169,8,0.14,,https://jlcmc.com/product/s/E02/EDLA/hex-socket-screw-full-partial-thread-standard-type-(din-912-gb-t-70.1)?k=EDLA-J2-M3-L22&productModelNumber=EDLA-J2-M3-L22,,,,,,,,
,M3x20,SHCS,,0.0143,3,0.05,,https://jlcmc.com/product/s/E02/EDLA/hex-socket-screw-full-partial-thread-standard-type-(din-912-gb-t-70.1)?k=EDLA-J2-M3-L20&productModelNumber=EDLA-J2-M3-L20,,,,,,,,
,M3x16,SHCS,,0.0142,23,0.33,,https://jlcmc.com/product/s/E02/EDLA/hex-socket-screw-full-partial-thread-standard-type-(din-912-gb-t-70.1)?k=EDLA-J2-M3-L16&productModelNumber=EDLA-J2-M3-L16,,,,,,,,
,M3x12,SHCS,,0.128,70,8.96,,https://jlcmc.com/product/s/E02/EDLA/hex-socket-screw-full-partial-thread-standard-type-(din-912-gb-t-70.1)?k=EDLA-J2-M3-L12&productModelNumber=EDLA-J2-M3-L12,,,,,,,,
,M3x8,SHCS,,0.0113,57,0.65,,https://jlcmc.com/product/s/E02/EDLA/hex-socket-screw-full-partial-thread-standard-type-(din-912-gb-t-70.1)?k=EDLA-J2-M3-L8&productModelNumber=EDLA-J2-M3-L8,,,,,,,,
,M3x6,SHCS,,0.0127,52,0.67,,https://jlcmc.com/product/s/E02/EDLA/hex-socket-screw-full-partial-thread-standard-type-(din-912-gb-t-70.1)?k=EDLA-J2-M3-L6&productModelNumber=EDLA-J2-M3-L6,,,,,,,,
,M3 t slot nut,,,0.0136,70,0.96,,,,,,,,,,
,,,,,,,,,,,,,,,,
,ELECTRONICS,,,,,,,,,,,,,,,
,custom v0.1 bed heater,,,5.25,1,5.25,,JLC flexheater service,,,,,,,,
,IEC power inlet,,,2.05,1,2.05,,https://www.aliexpress.com/item/1005006990146296.html,,,,,,,,
,external mosfet board to support the bed,,,2.51,1,2.51,,https://www.aliexpress.com/item/1005006614952857.html,,,,,,,,
,external mosfet board to support the bed,,,2.51,1,2.51,,https://www.aliexpress.com/item/1005006614952857.html,,,,,,,,
,Ptfe wire red,,,5.69,1,5.69,,https://www.aliexpress.com/item/1005004874514644.html,,,,,,,,
,Ptfe wire blk,,,5.7,1,5.70,,https://www.aliexpress.com/item/1005004874514644.html,,,,,,,,
,old desktop fans,,,0,,,,hunt,,,,,,,,
,meanwell lrs350-24,,,42.73,1,42.73,,https://www.aliexpress.com/item/1005004796910794.html,,,,,,,,
,meanwell lrs350-48,,,44.2,1,44.20,,https://www.aliexpress.com/item/1005004796910794.html,,,,,,,,
,mellow D7,,,24.03,1,24.03,,https://www.aliexpress.com/item/1005006422323624.html,it’s a much cheaper alternative to the BTT octopus or mellow super,,,,,,,
,TMC2209,2pk,,7.39,1,7.39,,https://www.aliexpress.com/item/33028050145.html,,,,,,,,
,TMC5160,1pk,,21.72,4,86.88,,https://www.aliexpress.com/item/1005004229433552.html,,,,,,,,
,,,,,,,,,,,,,,,,
,,,,,,,,,,,,,,,,
,,,,,,,,,,,,,,,,
,Toolhead,,,,,,,,,,,,,,,
,peopoly lancer long,,,64.99,1,64.99,,https://peopoly.net/products/magneto-x-lancer-melt-zone?variant=49972216103194,"120w heater on it, 15 bucks of the prices is shipping",,,,,,,
,HGX 2.0 gears + hardware,,,13.85,1,13.85,,https://www.aliexpress.com/item/1005007316630515.html,comes with other hardware needed,,,,,,,
,4015 fan,,,2.37,1,2.37,,https://www.aliexpress.com/item/1005004832141450.html,for low speed PLA,,,,,,,
,2510 fan,,,1.62,1,1.62,,https://www.aliexpress.com/item/1005003595630530.html,fan,,,,,,,
,LDO 36STH20-1004AHG,,,24.11,1,24.11,,https://www.aliexpress.com/item/1005002899860754.html,"Allready own, using from infil v1",,,,,,,
,,,,,,,,,,,,,,,,
,,,,,,,,,,,,,,,,
,,,,,,,,,,,,,,,,
,OTHER,,,,,,,,,,,,,,,
,voron 0 bed,,,13.73,1,13.73,,https://www.aliexpress.com/item/1005007347759654.html,,,,,,,,
,bed springs,,,1.09,1,1.09,,https://www.aliexpress.com/item/33000218395.html,,,,,,,,
,gt2 6mm closed loop belt for belt,,,1.94,1,0.00,,https://www.aliexpress.com/item/1005004019523225.html,2gt 306,I allready own this,,,,,,
,motor heat sync,,,3.03,1,3.03,,https://www.aliexpress.com/item/4000723868050.html,,,,,,,,
,,,,,,,,,,,,,,,,
,,,,,,,,,,,,,,,,
,SHIPPING ,,,,,,,,,,,,,,,
,"If using JLC the (shipping + taxes + customs) are here, this assumes you used JLC every time I used it",,,90.94,1,90.94,,,,,,,,,,
,,,,,,,,,,,,,,,,
,,,,,,,,,,,,,,,,
,,,,,,Total cost,,,,,,,,,,
,,,,,,668.07,,,,,,,,,,
,,,,,,,,,,,,,,,,
,,,,,,,,,,,,,,,,
,,,,,,,,,,,,,,,,
,,,,,,,,,,,,,,,,
,,,,,,,,,,,,,,,,
,,,,,,,,,,,,,,,,
,,,,,,,,,,,,,,,,
,,,,,,,,,,,,,,,,
,,,,,,,,,,,,,,,,
,,,,,,,,,,,,,,,,
,,,,,,,,,,,,,,,,
,,,,,,,,,,,,,,,,
,,,,,,,,,,,,,,,,
,,,,,,,,,,,,,,,,
,,,,,,,,,,,,,,,,
,,,,,,,,,,,,,,,,
,,,,,,,,,,,,,,,,
,,,,,,,,,,,,,,,,
,,,,,,,,,,,,,,,,
,,,,,,,,,,,,,,,,
,,,,,,,,,,,,,,,,
,,,,,,,,,,,,,,,,
,,,,,,,,,,,,,,,,
,,,,,,,,,,,,,,,,
,,,,,,,,,,,,,,,,
,,,,,,,,,,,,,,,,
,,,,,,,,,,,,,,,,
,,,,,,,,,,,,,,,,
,,,,,,,,,,,,,,,,
,,,,,,,,,,,,,,,,
,,,,,,,,,,,,,,,,
,,,,,,,,,,,,,,,,
,,,,,,,,,,,,,,,,
,,,,,,,,,,,,,,,,
,,,,,,,,,,,,,,,,
,,,,,,,,,,,,,,,,
,,,,,,,,,,,,,,,,
,,,,,,,,,,,,,,,,
,,,,,,,,,,,,,,,,
,,,,,,,,,,,,,,,,
,,,,,,,,,,,,,,,,
,,,,,,,,,,,,,,,,
,,,,,,,,,,,,,,,,
,,,,,,,,,,,,,,,,
,,,,,,,,,,,,,,,,
,,,,,,,,,,,,,,,,
,,,,,,,,,,,,,,,,
,,,,,,,,,,,,,,,,
,,,,,,,,,,,,,,,,
,,,,,,,,,,,,,,,,
,,,,,,,,,,,,,,,,
,,,,,,,,,,,,,,,,
,,,,,,,,,,,,,,,,
,,,,,,,,,,,,,,,,
,,,,,,,,,,,,,,,,
,,,,,,,,,,,,,,,,
,,,,,,,,,,,,,,,,
,,,,,,,,,,,,,,,,
,,,,,,,,,,,,,,,,
,,,,,,,,,,,,,,,,
,,,,,,,,,,,,,,,,
,,,,,,,,,,,,,,,,
